-- phpMyAdmin SQL Dump
-- version 4.0.10.10
-- http://www.phpmyadmin.net
--
-- Хост: 127.0.0.1:3306
-- Время создания: Июн 03 2016 г., 16:02
-- Версия сервера: 5.5.45
-- Версия PHP: 5.3.29

SET SQL_MODE = "NO_AUTO_VALUE_ON_ZERO";
SET time_zone = "+00:00";


/*!40101 SET @OLD_CHARACTER_SET_CLIENT=@@CHARACTER_SET_CLIENT */;
/*!40101 SET @OLD_CHARACTER_SET_RESULTS=@@CHARACTER_SET_RESULTS */;
/*!40101 SET @OLD_COLLATION_CONNECTION=@@COLLATION_CONNECTION */;
/*!40101 SET NAMES utf8 */;

--
-- База данных: `aleksa`
--

-- --------------------------------------------------------

--
-- Структура таблицы `brand_men`
--

CREATE TABLE IF NOT EXISTS `brand_men` (
  `id` int(10) unsigned NOT NULL AUTO_INCREMENT,
  `brand` varchar(255) NOT NULL,
  PRIMARY KEY (`id`)
) ENGINE=InnoDB  DEFAULT CHARSET=utf8 AUTO_INCREMENT=30 ;

--
-- Дамп данных таблицы `brand_men`
--

INSERT INTO `brand_men` (`id`, `brand`) VALUES
(1, 'Prada'),
(2, 'Giorgio Armani'),
(3, 'Gucci'),
(4, 'Dolce &amp; Gabbana'),
(5, 'Group of Benetton'),
(6, 'Diesel'),
(7, 'Versace'),
(8, 'Moshino'),
(9, 'Fendi'),
(10, 'Gaudi'),
(11, 'Donatella de Pauli'),
(12, 'Francesca by Sottini'),
(13, 'Julia Garnett'),
(14, 'Bojji'),
(15, 'Brioni'),
(16, 'Camicissima'),
(17, 'Kossa'),
(18, 'Paran'),
(19, 'Enrico coveri'),
(20, 'Jonh Barritt'),
(21, 'Caporiccio'),
(22, 'Del mare'),
(23, 'Salvatore Ferragamo'),
(24, 'Hood By Air'),
(25, 'Alexander McQueen'),
(26, 'Calvin Klein Collection'),
(27, 'Paul Smith London'),
(28, 'Givenchy'),
(29, 'Kiton');

-- --------------------------------------------------------

--
-- Структура таблицы `brand_women`
--

CREATE TABLE IF NOT EXISTS `brand_women` (
  `id` int(10) unsigned NOT NULL AUTO_INCREMENT,
  `brand` varchar(255) NOT NULL,
  PRIMARY KEY (`id`)
) ENGINE=InnoDB  DEFAULT CHARSET=utf8 AUTO_INCREMENT=11 ;

--
-- Дамп данных таблицы `brand_women`
--

INSERT INTO `brand_women` (`id`, `brand`) VALUES
(1, 'Miu Miu'),
(2, 'Massimo Rebbecchi'),
(3, 'Laura Biagiotti'),
(4, 'Patrizia Pepe'),
(5, 'Corneliani'),
(6, 'Del Siena'),
(7, 'Bagutta'),
(8, 'Acquafredda'),
(9, 'Abital'),
(10, 'Bagatelle');

-- --------------------------------------------------------

--
-- Структура таблицы `color`
--

CREATE TABLE IF NOT EXISTS `color` (
  `id` int(10) unsigned NOT NULL AUTO_INCREMENT,
  `color` varchar(255) NOT NULL,
  `code` varchar(255) NOT NULL,
  PRIMARY KEY (`id`)
) ENGINE=InnoDB  DEFAULT CHARSET=utf8 AUTO_INCREMENT=22 ;

--
-- Дамп данных таблицы `color`
--

INSERT INTO `color` (`id`, `color`, `code`) VALUES
(1, 'Бежевый', '#e5e5e5'),
(2, 'Белый', '#ffffff'),
(3, 'Бирюзовый', '#32e8f1'),
(4, 'Бронзовый', '#d59d4a'),
(5, 'Бордовый', '#a91d1d'),
(6, 'Голубой', '#4085d9'),
(7, 'Жёлтый', '#f8f803'),
(8, 'Зелёный', '#5ffa7d'),
(9, 'Коричневый', '#622320'),
(10, 'Красный', '#f83434'),
(11, 'Молочный', '#f9f7f8'),
(12, 'Мультиколор', '#000000'),
(13, 'Оранжевый', '#ff8000'),
(14, 'Прозрачный', '#ffffff'),
(15, 'Розовый', '#ff0080'),
(16, 'Серебряный', '#f0f0f0'),
(17, 'Серый', '#c0c0c0'),
(18, 'Синий', '#0000ff'),
(19, 'Фиолетовый', '#800080'),
(20, 'Хаки', '#50670a'),
(21, 'Чёрный', '#000000');

-- --------------------------------------------------------

--
-- Структура таблицы `comment`
--

CREATE TABLE IF NOT EXISTS `comment` (
  `id_message` int(10) unsigned NOT NULL AUTO_INCREMENT,
  `id_user` int(11) NOT NULL,
  `id_product` int(11) NOT NULL,
  `message` text NOT NULL,
  `email` varchar(255) NOT NULL,
  `name` varchar(255) NOT NULL,
  `date` date NOT NULL,
  `status` varchar(255) NOT NULL,
  PRIMARY KEY (`id_message`)
) ENGINE=InnoDB  DEFAULT CHARSET=utf8 AUTO_INCREMENT=5 ;

--
-- Дамп данных таблицы `comment`
--

INSERT INTO `comment` (`id_message`, `id_user`, `id_product`, `message`, `email`, `name`, `date`, `status`) VALUES
(1, 1, 1, 'Классная футболка! Размер соответствует действительности, материал приятный. Советую:)', 'trolivezde@gmail.com', 'Максим Максимов', '2016-05-28', 'treat'),
(2, 1, 1, 'Хороший бренд, хорошая вещь. Что сказать..', 'trolivezde@gmail.com', 'Максим Максимов', '2016-05-28', 'treat'),
(3, 1, 1, 'Подскажите, а в других цветах эта футболка есть в наличии? Спасибо)', 'trolivezde@gmail.com', 'Максим Максимов', '2016-05-28', 'waiting'),
(4, 1, 1, 'Спасибо, не могу нарадоваться покупке)))', 'trolivezde@gmail.com', 'Максим Максимов', '2016-05-28', 'treat');

-- --------------------------------------------------------

--
-- Структура таблицы `id_menu_to_group_men`
--

CREATE TABLE IF NOT EXISTS `id_menu_to_group_men` (
  `id_menu` int(10) unsigned NOT NULL,
  `id_group` int(10) unsigned NOT NULL
) ENGINE=InnoDB DEFAULT CHARSET=utf8;

--
-- Дамп данных таблицы `id_menu_to_group_men`
--

INSERT INTO `id_menu_to_group_men` (`id_menu`, `id_group`) VALUES
(5, 1),
(5, 2),
(5, 3),
(5, 4),
(1, 5),
(1, 6),
(1, 7),
(1, 8),
(1, 9),
(1, 10),
(1, 11),
(1, 12),
(1, 13),
(1, 14),
(2, 15),
(2, 16),
(2, 17),
(2, 18);

-- --------------------------------------------------------

--
-- Структура таблицы `id_menu_to_group_women`
--

CREATE TABLE IF NOT EXISTS `id_menu_to_group_women` (
  `id_menu` int(10) unsigned NOT NULL,
  `id_group` int(10) unsigned NOT NULL
) ENGINE=InnoDB DEFAULT CHARSET=utf8;

--
-- Дамп данных таблицы `id_menu_to_group_women`
--

INSERT INTO `id_menu_to_group_women` (`id_menu`, `id_group`) VALUES
(5, 1),
(5, 4),
(5, 5),
(5, 6),
(1, 7),
(1, 8),
(1, 9),
(1, 10),
(1, 11),
(2, 12),
(2, 13),
(2, 14);

-- --------------------------------------------------------

--
-- Структура таблицы `id_product_to_brand_men`
--

CREATE TABLE IF NOT EXISTS `id_product_to_brand_men` (
  `id_product` int(11) NOT NULL,
  `id_brand` int(11) NOT NULL
) ENGINE=InnoDB DEFAULT CHARSET=utf8;

--
-- Дамп данных таблицы `id_product_to_brand_men`
--

INSERT INTO `id_product_to_brand_men` (`id_product`, `id_brand`) VALUES
(1, 23),
(2, 24),
(3, 25),
(4, 26),
(5, 27),
(6, 28),
(7, 29),
(8, 15),
(9, 1);

-- --------------------------------------------------------

--
-- Структура таблицы `id_product_to_brand_women`
--

CREATE TABLE IF NOT EXISTS `id_product_to_brand_women` (
  `id_product` int(11) NOT NULL,
  `id_brand` int(11) NOT NULL
) ENGINE=InnoDB DEFAULT CHARSET=utf8;

-- --------------------------------------------------------

--
-- Структура таблицы `id_product_to_color`
--

CREATE TABLE IF NOT EXISTS `id_product_to_color` (
  `id_product` int(11) NOT NULL,
  `id_color` int(11) NOT NULL
) ENGINE=InnoDB DEFAULT CHARSET=utf8;

--
-- Дамп данных таблицы `id_product_to_color`
--

INSERT INTO `id_product_to_color` (`id_product`, `id_color`) VALUES
(1, 2),
(1, 3),
(1, 8),
(1, 12),
(1, 19),
(2, 10),
(2, 12),
(3, 2),
(3, 18),
(4, 2),
(4, 21),
(5, 21),
(6, 17),
(7, 7),
(8, 12),
(8, 18),
(8, 21),
(9, 21);

-- --------------------------------------------------------

--
-- Структура таблицы `id_product_to_image`
--

CREATE TABLE IF NOT EXISTS `id_product_to_image` (
  `id_product` int(11) NOT NULL,
  `id_image` int(11) NOT NULL,
  `status` varchar(255) CHARACTER SET utf8 NOT NULL
) ENGINE=InnoDB DEFAULT CHARSET=utf32;

--
-- Дамп данных таблицы `id_product_to_image`
--

INSERT INTO `id_product_to_image` (`id_product`, `id_image`, `status`) VALUES
(1, 1, ''),
(1, 2, ''),
(1, 3, ''),
(1, 4, ''),
(1, 5, 'main'),
(2, 6, ''),
(2, 7, ''),
(2, 8, ''),
(2, 9, ''),
(2, 10, 'main'),
(3, 11, ''),
(3, 12, ''),
(3, 13, ''),
(3, 14, ''),
(3, 15, 'main'),
(4, 16, ''),
(4, 17, ''),
(4, 18, ''),
(4, 19, ''),
(4, 20, 'main'),
(5, 21, ''),
(5, 22, ''),
(5, 23, ''),
(5, 24, ''),
(5, 25, 'main'),
(6, 26, ''),
(6, 27, ''),
(6, 28, ''),
(6, 29, ''),
(6, 30, 'main'),
(7, 31, ''),
(7, 32, ''),
(7, 33, ''),
(7, 34, ''),
(7, 35, 'main'),
(8, 36, ''),
(8, 37, ''),
(8, 38, ''),
(8, 39, ''),
(8, 40, 'main'),
(9, 41, ''),
(9, 42, ''),
(9, 43, ''),
(9, 44, ''),
(9, 45, 'main');

-- --------------------------------------------------------

--
-- Структура таблицы `id_product_to_item_group_men`
--

CREATE TABLE IF NOT EXISTS `id_product_to_item_group_men` (
  `id_product` int(11) NOT NULL,
  `id_item` int(11) NOT NULL,
  `id_group` int(11) NOT NULL
) ENGINE=InnoDB DEFAULT CHARSET=utf8;

--
-- Дамп данных таблицы `id_product_to_item_group_men`
--

INSERT INTO `id_product_to_item_group_men` (`id_product`, `id_item`, `id_group`) VALUES
(1, 1, 5),
(2, 1, 5),
(3, 1, 5),
(4, 1, 5),
(5, 1, 5),
(6, 1, 5),
(7, 1, 5),
(8, 1, 5),
(9, 1, 5);

-- --------------------------------------------------------

--
-- Структура таблицы `id_product_to_item_group_women`
--

CREATE TABLE IF NOT EXISTS `id_product_to_item_group_women` (
  `id_product` int(11) NOT NULL,
  `id_item` int(11) NOT NULL,
  `id_group` int(11) NOT NULL
) ENGINE=InnoDB DEFAULT CHARSET=utf8;

-- --------------------------------------------------------

--
-- Структура таблицы `id_product_to_material`
--

CREATE TABLE IF NOT EXISTS `id_product_to_material` (
  `id_product` int(20) NOT NULL,
  `id_material` int(20) NOT NULL
) ENGINE=InnoDB DEFAULT CHARSET=utf8;

--
-- Дамп данных таблицы `id_product_to_material`
--

INSERT INTO `id_product_to_material` (`id_product`, `id_material`) VALUES
(1, 19),
(2, 19),
(3, 19),
(4, 19),
(5, 19),
(6, 7),
(6, 19),
(7, 19),
(8, 18),
(8, 19),
(9, 19);

-- --------------------------------------------------------

--
-- Структура таблицы `id_product_to_parametr`
--

CREATE TABLE IF NOT EXISTS `id_product_to_parametr` (
  `id_product` int(11) NOT NULL,
  `id_parametr` int(11) NOT NULL,
  `value` varchar(255) NOT NULL
) ENGINE=InnoDB DEFAULT CHARSET=utf8;

--
-- Дамп данных таблицы `id_product_to_parametr`
--

INSERT INTO `id_product_to_parametr` (`id_product`, `id_parametr`, `value`) VALUES
(1, 1, '186 см'),
(1, 2, '95 см'),
(1, 3, '76 см'),
(1, 4, '95 см'),
(1, 5, 'M'),
(2, 1, '185'),
(2, 2, '90'),
(2, 3, '76'),
(2, 4, '100'),
(2, 5, 'M'),
(3, 1, '187'),
(3, 2, '97'),
(3, 3, '75'),
(3, 4, '93'),
(3, 5, 'M'),
(4, 1, '188'),
(4, 2, '101'),
(4, 3, '76'),
(4, 4, '98'),
(4, 5, 'S'),
(5, 1, '189'),
(5, 2, '88'),
(5, 3, '70'),
(5, 4, '90'),
(5, 5, 'M'),
(6, 1, '186'),
(6, 2, '91'),
(6, 3, '81'),
(6, 4, '99'),
(6, 5, 'M'),
(7, 1, '185'),
(7, 2, '90'),
(7, 3, '76'),
(7, 4, '100'),
(7, 5, 'M'),
(8, 1, '186'),
(8, 2, '95'),
(8, 3, '76'),
(8, 4, '95'),
(8, 5, 'M'),
(9, 1, '187'),
(9, 2, '91'),
(9, 3, '82'),
(9, 4, '90'),
(9, 5, 'M');

-- --------------------------------------------------------

--
-- Структура таблицы `id_product_to_size`
--

CREATE TABLE IF NOT EXISTS `id_product_to_size` (
  `id_product` int(11) NOT NULL,
  `id_size` int(11) NOT NULL,
  `sum` varchar(255) NOT NULL
) ENGINE=InnoDB DEFAULT CHARSET=utf8;

--
-- Дамп данных таблицы `id_product_to_size`
--

INSERT INTO `id_product_to_size` (`id_product`, `id_size`, `sum`) VALUES
(1, 3, '1'),
(1, 4, '1'),
(1, 5, '3'),
(1, 6, '3'),
(1, 7, '2'),
(2, 2, '4'),
(2, 3, '1'),
(2, 4, '3'),
(2, 5, '1'),
(2, 6, '1'),
(3, 2, '1'),
(3, 3, '3'),
(3, 4, '1'),
(3, 5, '1'),
(3, 6, '1'),
(4, 2, '2'),
(4, 3, '4'),
(4, 4, '1'),
(4, 5, '2'),
(4, 6, '3'),
(4, 7, '1'),
(5, 2, '2'),
(5, 3, '1'),
(5, 4, '1'),
(5, 5, '2'),
(5, 6, '3'),
(5, 7, '1'),
(6, 2, '2'),
(6, 3, '1'),
(6, 4, '1'),
(6, 5, '6'),
(6, 6, '1'),
(6, 7, '3'),
(7, 3, '1'),
(7, 4, '4'),
(7, 5, '2'),
(8, 4, '1'),
(8, 5, '4'),
(8, 6, '1'),
(8, 7, '3'),
(8, 8, '2'),
(9, 4, '3'),
(9, 5, '1'),
(9, 6, '4'),
(9, 7, '1');

-- --------------------------------------------------------

--
-- Структура таблицы `image`
--

CREATE TABLE IF NOT EXISTS `image` (
  `id` int(10) unsigned NOT NULL AUTO_INCREMENT,
  `src` varchar(255) NOT NULL,
  PRIMARY KEY (`id`)
) ENGINE=InnoDB  DEFAULT CHARSET=utf8 AUTO_INCREMENT=46 ;

--
-- Дамп данных таблицы `image`
--

INSERT INTO `image` (`id`, `src`) VALUES
(1, '11268182_6081944_480.jpg'),
(2, '11268182_6081945_480.jpg'),
(3, '11268182_6081946_480.jpg'),
(4, '11268182_6081947_480.jpg'),
(5, '11268182_6081943_480.jpg'),
(6, '11274841_6107484_1000.jpg'),
(7, '11274841_6107487_1000.jpg'),
(8, '11274841_6107492_1000.jpg'),
(9, '11274841_6107495_1000.jpg'),
(10, '11274841_6107481_1000.jpg'),
(11, '11481599_7025446_1000.jpg'),
(12, '11481599_7025449_1000.jpg'),
(13, '11481599_7025452_1000.jpg'),
(14, '11481599_7025456_1000.jpg'),
(15, '11274841_6107495_1000.jpg'),
(16, '11412190_6649624_1000.jpg'),
(17, '11412190_6649625_1000.jpg'),
(18, '11412190_6649626_1000.jpg'),
(19, '11412190_6649627_1000.jpg'),
(20, '11274841_6107495_1000.jpg'),
(21, '11454422_6899047_1000.jpg'),
(22, '11454422_6899050_1000.jpg'),
(23, '11454422_6899053_1000.jpg'),
(24, '11454422_6899057_1000.jpg'),
(25, '11412190_6649627_1000.jpg'),
(26, '11484929_7030389_1000.jpg'),
(27, '11484929_7030392_1000.jpg'),
(28, '11484929_7030396_1000.jpg'),
(29, '11484929_7030400_1000.jpg'),
(30, '11454422_6899057_1000.jpg'),
(31, '11428731_6848672_1000.jpg'),
(32, '11428731_6848674_1000.jpg'),
(33, '11428731_6848677_1000.jpg'),
(34, '11484929_7030400_1000.jpg'),
(35, '11428731_6848671_1000.jpg'),
(36, '11271900_6125635_1000.jpg'),
(37, '11271900_6125637_1000.jpg'),
(38, '11271900_6125639_1000.jpg'),
(39, '11271900_6125641_1000.jpg'),
(40, '11484929_7030400_1000.jpg'),
(41, '11389935_6624300_1000.jpg'),
(42, '11389935_6624304_1000.jpg'),
(43, '11389935_6624309_1000.jpg'),
(44, '11389935_6624314_1000.jpg'),
(45, '11484929_7030400_1000.jpg');

-- --------------------------------------------------------

--
-- Структура таблицы `material`
--

CREATE TABLE IF NOT EXISTS `material` (
  `id` int(10) unsigned NOT NULL AUTO_INCREMENT,
  `material` varchar(255) NOT NULL,
  PRIMARY KEY (`id`)
) ENGINE=InnoDB  DEFAULT CHARSET=utf8 AUTO_INCREMENT=23 ;

--
-- Дамп данных таблицы `material`
--

INSERT INTO `material` (`id`, `material`) VALUES
(1, 'Болонья'),
(2, 'Войлок'),
(3, 'Гипюр'),
(4, 'Дубленка'),
(5, 'Замша'),
(6, 'Канвас'),
(7, 'Кожа'),
(8, 'Лайкра'),
(9, 'Металл'),
(10, 'Нейлон'),
(11, 'Парусина'),
(12, 'Полимер'),
(13, 'Полиуретан'),
(14, 'Полиэстер'),
(15, 'резинаР'),
(16, 'Спандекс'),
(17, 'Текстиль'),
(18, 'Фетр'),
(19, 'Хлопок'),
(20, 'Шерсть'),
(21, 'Байка'),
(22, 'Велюр');

-- --------------------------------------------------------

--
-- Структура таблицы `menu`
--

CREATE TABLE IF NOT EXISTS `menu` (
  `id` int(10) unsigned NOT NULL AUTO_INCREMENT,
  `item` varchar(255) NOT NULL,
  `description` varchar(255) NOT NULL,
  PRIMARY KEY (`id`)
) ENGINE=InnoDB  DEFAULT CHARSET=utf8 AUTO_INCREMENT=6 ;

--
-- Дамп данных таблицы `menu`
--

INSERT INTO `menu` (`id`, `item`, `description`) VALUES
(1, 'Одежда', 'Одежда на любой день'),
(2, 'Обувь', 'Обувь стильная и удобная'),
(3, 'Аксессуары', 'Аксессуары на любой вкус'),
(4, 'Бренды', 'Все бренды'),
(5, 'Сезоны', 'Выбрать по сезонам');

-- --------------------------------------------------------

--
-- Структура таблицы `menu_group_men`
--

CREATE TABLE IF NOT EXISTS `menu_group_men` (
  `id` int(10) unsigned NOT NULL AUTO_INCREMENT,
  `item` varchar(255) NOT NULL,
  `description` varchar(255) NOT NULL,
  PRIMARY KEY (`id`)
) ENGINE=InnoDB  DEFAULT CHARSET=utf8 AUTO_INCREMENT=19 ;

--
-- Дамп данных таблицы `menu_group_men`
--

INSERT INTO `menu_group_men` (`id`, `item`, `description`) VALUES
(1, 'Лето', 'Летний сезон'),
(2, 'Осень', 'Осенний сезон'),
(3, 'Зима', 'Зимний сезон'),
(4, 'Весна', 'Весенний сезон'),
(5, 'Футболки и поло', 'Мужские футболки и поло'),
(6, 'Верхняя одежда', 'Мужская верхняя одежда'),
(7, 'Брюки', 'Мужские брюки'),
(8, 'Джинсы', 'Мужские джинсы'),
(9, 'Толстовки и олимпийки', 'Мужские толстовки и олимпийки'),
(10, 'Рубашки', 'Мужские рубашки'),
(11, 'Пиджаки', 'Мужские пиджаки'),
(12, 'Костюмы', 'Мужские костюмы'),
(13, 'Джемперы и кардеганы', 'Мужские джемперы и кардеганы'),
(14, 'Спортивные костюмы', 'Мужские спортивные костюмы'),
(15, 'Туфли', 'Мужские туфли'),
(16, 'Кроссовки', 'Мужские кроссовки'),
(17, 'Кеды', 'Мужские кеды'),
(18, 'Ботинки', 'Мужские ботинки');

-- --------------------------------------------------------

--
-- Структура таблицы `menu_group_women`
--

CREATE TABLE IF NOT EXISTS `menu_group_women` (
  `id` int(10) unsigned NOT NULL AUTO_INCREMENT,
  `item` varchar(255) NOT NULL,
  `description` varchar(255) NOT NULL,
  PRIMARY KEY (`id`)
) ENGINE=InnoDB  DEFAULT CHARSET=utf8 AUTO_INCREMENT=15 ;

--
-- Дамп данных таблицы `menu_group_women`
--

INSERT INTO `menu_group_women` (`id`, `item`, `description`) VALUES
(1, 'Лето', 'Летний сезон'),
(4, 'Осень', 'Осенний сезон'),
(5, 'Зима', 'Зимний сезон'),
(6, 'Весна', 'Весенний сезон'),
(7, 'Платья', 'Женские платья'),
(8, 'Джинсы', 'Женские джинсы'),
(9, 'Блузки и рубашки', 'Женские блузки и рубашки'),
(10, 'Брюки', 'Женские брюки'),
(11, 'Юбки', 'Юбки'),
(12, 'Туфли', 'Женские туфли'),
(13, 'Балетки', 'Балетки'),
(14, 'Босоножки', 'Босоножки');

-- --------------------------------------------------------

--
-- Структура таблицы `order_list`
--

CREATE TABLE IF NOT EXISTS `order_list` (
  `id_order` int(10) unsigned NOT NULL AUTO_INCREMENT,
  `id_user` int(10) unsigned NOT NULL,
  `order_obj` text NOT NULL,
  `comment` text NOT NULL,
  `date` date NOT NULL,
  PRIMARY KEY (`id_order`)
) ENGINE=InnoDB  DEFAULT CHARSET=utf8 AUTO_INCREMENT=4 ;

--
-- Дамп данных таблицы `order_list`
--

INSERT INTO `order_list` (`id_order`, `id_user`, `order_obj`, `comment`, `date`) VALUES
(1, 1, '[{"id_product":"1","size":"M","count":1},{"id_product":"1","size":"L","count":2}]', '', '2016-05-28'),
(2, 1, '[{"id_product":"9","size":"M","count":3},{"id_product":"9","size":"L","count":1},{"id_product":"4","size":"S","count":1},{"id_product":"8","size":"L","count":2},{"id_product":"2","size":"M","count":2}]', '', '2016-05-30'),
(3, 1, '[{"id_product":"4","size":"XS","count":1}]', '', '2016-05-30');

-- --------------------------------------------------------

--
-- Структура таблицы `parametr`
--

CREATE TABLE IF NOT EXISTS `parametr` (
  `parametr` varchar(255) NOT NULL,
  `id` int(10) unsigned NOT NULL AUTO_INCREMENT,
  PRIMARY KEY (`id`)
) ENGINE=InnoDB  DEFAULT CHARSET=utf8 AUTO_INCREMENT=7 ;

--
-- Дамп данных таблицы `parametr`
--

INSERT INTO `parametr` (`parametr`, `id`) VALUES
('Рост', 1),
('Бюст/Грудь', 2),
('Талия', 3),
('Бёдра', 4),
('Модель носит размер', 5),
('Размеры', 6);

-- --------------------------------------------------------

--
-- Структура таблицы `product`
--

CREATE TABLE IF NOT EXISTS `product` (
  `id` int(10) unsigned NOT NULL AUTO_INCREMENT,
  `name` varchar(255) NOT NULL,
  `shot_description` varchar(255) NOT NULL,
  `description` text NOT NULL,
  `price` float NOT NULL,
  `discount` int(11) NOT NULL,
  `date` date NOT NULL,
  `visit` int(11) NOT NULL,
  PRIMARY KEY (`id`)
) ENGINE=InnoDB  DEFAULT CHARSET=utf8 AUTO_INCREMENT=10 ;

--
-- Дамп данных таблицы `product`
--

INSERT INTO `product` (`id`, `name`, `shot_description`, `description`, `price`, `discount`, `date`, `visit`) VALUES
(1, 'Футболка', 'футболка с принтом Ferragamo', 'Разноцветная хлопковая футболка с принтом Ferragamo от Salvatore Ferragamo. Круглый вырез, короткие рукава.', 104, 95, '2016-05-28', 19),
(2, 'Футболка', 'футболка с принтом', 'Разноцветная хлопковая футболка с принтом от Hood By Air.', 217, 150, '2016-05-28', 13),
(3, 'Футболка', 'футболка с черепом', 'Темно-синяя хлопковая футболка с черепом от Alexander McQueen. Круглый вырез, короткие рукава.', 415, 0, '2016-05-28', 7),
(4, 'Футболка', 'футболка Lonford', 'Черная хлопковая футболка Lonford от Calvin Klein Collection.', 363, 325, '2016-05-28', 38),
(5, 'Поло', 'футболка-поло с вышитым логотипом', 'Черная хлопковая футболка-поло с вышитым логотипом от Paul Smith London.', 138, 0, '2016-05-28', 0),
(6, 'Поло', 'футболка-поло с кожаным логотипом', 'Серая хлопковая футболка-поло с кожаным логотипом от Givenchy. Короткие рукава, свободный крой, кожаная нашивка с тиснением бренда в виде нагрудного кармана. Сделано в Италии.', 297, 0, '2016-05-28', 0),
(7, 'Поло', 'классическая футболка-поло', 'Желтая хлопковая классическая футболка-поло от Kiton.', 350, 320, '2016-05-28', 5),
(8, 'Поло', 'футболка-поло в клетку', 'Синяя хлопково-шелковая футболка-поло в клетку от Brioni.', 350, 0, '2016-05-28', 3),
(9, 'Поло', 'футболка-поло с длинными рукавами', 'Синяя хлопково-шелковая футболка-поло с длинными рукавами от Prado', 342, 315, '2016-05-28', 2);

-- --------------------------------------------------------

--
-- Структура таблицы `question`
--

CREATE TABLE IF NOT EXISTS `question` (
  `id_message` int(10) unsigned NOT NULL AUTO_INCREMENT,
  `id_user` int(11) NOT NULL,
  `id_product` int(11) NOT NULL,
  `message` text NOT NULL,
  `email` varchar(255) NOT NULL,
  `name` varchar(255) NOT NULL,
  `date` date NOT NULL,
  `status` varchar(255) NOT NULL,
  `answer` text NOT NULL,
  PRIMARY KEY (`id_message`)
) ENGINE=InnoDB  DEFAULT CHARSET=utf8 AUTO_INCREMENT=4 ;

--
-- Дамп данных таблицы `question`
--

INSERT INTO `question` (`id_message`, `id_user`, `id_product`, `message`, `email`, `name`, `date`, `status`, `answer`) VALUES
(1, 1, 1, 'Подскажите пожалуйста, а в других цветах есть эта модель? Спасибо:)', 'trolivezde@gmail.com', 'Максим Максимов', '2016-05-28', 'treat', 'Нет, к сожалению сейчас нет, но скоро должны появиться.'),
(2, 1, 1, 'Новые размеры скоро завезут  в магазин?', 'trolivezde@gmail.com', 'Максим Максимов', '2016-05-28', 'waiting', ''),
(3, 1, 1, 'А доставка бесплатная?', 'trolivezde@gmail.com', 'Максим Максимов', '2016-05-28', 'treat', 'Бесплатная.');

-- --------------------------------------------------------

--
-- Структура таблицы `sales_statistic`
--

CREATE TABLE IF NOT EXISTS `sales_statistic` (
  `id` int(10) unsigned NOT NULL AUTO_INCREMENT,
  `name` varchar(255) NOT NULL,
  `price` int(10) unsigned NOT NULL,
  `discount` int(10) unsigned NOT NULL,
  `gender` varchar(255) NOT NULL,
  `brand` varchar(255) CHARACTER SET utf32 NOT NULL,
  `color` varchar(255) NOT NULL,
  `size` varchar(255) NOT NULL,
  `sum` int(10) unsigned NOT NULL,
  `date` date NOT NULL,
  PRIMARY KEY (`id`)
) ENGINE=InnoDB  DEFAULT CHARSET=utf8 AUTO_INCREMENT=280 ;

--
-- Дамп данных таблицы `sales_statistic`
--

INSERT INTO `sales_statistic` (`id`, `name`, `price`, `discount`, `gender`, `brand`, `color`, `size`, `sum`, `date`) VALUES
(1, 'Ветровка', 1846, 0, 'Женский', 'Gaudi', 'Розовый', 'XL', 1, '2016-03-01'),
(2, 'Брюки спортивные', 250, 177, 'Женский', 'Acquafredda', 'Бордовый', 'M', 1, '2016-03-01'),
(3, 'Кардиган', 1903, 1411, 'Женский', 'Laura Biagiotti', 'Зелёный', '42', 2, '2016-03-02'),
(4, 'Баллетки', 820, 617, 'Женский', 'Bagatelle', 'Красный', '38', 1, '2016-03-03'),
(5, 'Бутсы', 1963, 0, 'Женский', 'Versace', 'Фиолетовый', '38', 2, '2016-03-03'),
(6, 'Чехол', 1306, 1040, 'Женский', 'Moshino', 'Розовый', '36', 1, '2016-03-04'),
(7, 'Платье', 80, 68, 'Женский', 'Paran', 'Синий', 'M', 1, '2016-03-03'),
(8, 'Ремень', 971, 0, 'Мужской', 'Jonh Barritt', 'Розовый', '38', 1, '2016-03-04'),
(9, 'Зонт', 1293, 941, 'Женский', 'Laura Biagiotti', 'Жёлтый', 'S', 1, '2016-03-05'),
(10, 'Зонт', 839, 0, 'Женский', 'Diesel', 'Золотой', '41', 1, '2016-03-05'),
(11, 'Блузка', 1654, 0, 'Женский', 'Dolce ', 'Серебряный', '45', 1, '2016-03-05'),
(12, 'Пуховик', 730, 0, 'Женский', 'Acquafredda', 'Оранжевый', '36', 1, '2016-03-05'),
(13, 'Юбка', 1562, 0, 'Мужской', 'Prada', 'Чёрный', '42', 1, '2016-03-05'),
(14, 'Зонт', 1795, 0, 'Мужской', 'Abital', 'Мультиколор', '37', 1, '2016-03-06'),
(15, 'Платок', 1240, 1136, 'Мужской', 'Miu Miu', 'Оранжевый', '38', 1, '2016-03-06'),
(16, 'Макасины', 1544, 0, 'Мужской', 'Fendi', 'Чёрный', '45', 1, '2016-03-05'),
(17, 'Рубашка', 58, 52, 'Мужской', 'Giorgio Armani', 'Белый', 'M', 1, '2016-03-06'),
(18, 'Ветровка', 481, 0, 'Мужской', 'Corneliani', 'Серебряный', '36', 1, '2016-03-07'),
(19, 'Жилет', 1121, 966, 'Мужской', 'Fendi', 'Бежевый', 'M', 2, '2016-03-07'),
(20, 'Очки', 496, 0, 'Женский', 'Fendi', 'Жёлтый', 'L', 1, '2016-03-07'),
(21, 'Кардиган', 470, 453, 'Женский', 'Massimo Rebbecchi', 'Розовый', '40', 1, '2016-03-07'),
(22, 'Лоферы', 147, 0, 'Мужской', 'Jonh Barritt', 'Берюзовый', '36', 1, '2016-03-07'),
(23, 'Спортивный костюм', 959, 0, 'Женский', 'Massimo Rebbecchi', 'Бронзовый', '43', 2, '2016-03-07'),
(24, 'Поло', 1104, 1001, 'Женский', 'Fendi', 'Фиолетовый', 'L', 1, '2016-03-07'),
(25, 'Джинсы', 572, 508, 'Женский', 'Miu Miu', 'Зелёный', '36', 1, '2016-03-07'),
(26, 'Поло', 818, 0, 'Женский', 'Del mare', 'Бежевый', '45', 2, '2016-03-07'),
(27, 'Спортивный костюм', 88, 73, 'Мужской', 'Corneliani', 'Берюзовый', 'M', 1, '2016-03-07'),
(28, 'Кеды', 375, 360, 'Женский', 'Giorgio Armani', 'Синий', '38', 1, '2016-03-07'),
(29, 'Рюкзак', 804, 0, 'Женский', 'Paran', 'Бронзовый', 'L', 1, '2016-03-07'),
(30, 'Бутсы', 442, 0, 'Мужской', 'Jonh Barritt', 'Розовый', '44', 1, '2016-03-07'),
(31, 'Джинсы', 1129, 0, 'Женский', 'Camicissima', 'Молочный', '44', 1, '2016-03-07'),
(32, 'Олимпийка', 270, 0, 'Мужской', 'Versace', 'Красный', '35', 1, '2016-03-08'),
(33, 'Юбка', 1315, 0, 'Мужской', 'Julia Garnett', 'Голубой', '37', 1, '2016-03-08'),
(34, 'Толстовка', 436, 0, 'Мужской', 'Prada', 'Синий', '36', 1, '2016-03-09'),
(35, 'Пуховик', 668, 0, 'Мужской', 'Francesca by Sottini', 'Бордовый', '45', 1, '2016-03-09'),
(36, 'Футболка', 556, 483, 'Мужской', 'Francesca by Sottini', 'Жёлтый', '44', 1, '2016-03-10'),
(37, 'Кросовки', 885, 0, 'Женский', 'Bojji', 'Берюзовый', '42', 1, '2016-03-11'),
(38, 'Олимпийка', 1747, 0, 'Женский', 'Bojji', 'Серый', '41', 1, '2016-03-11'),
(39, 'Джемпер', 318, 0, 'Женский', 'Group of Benetton', 'Жёлтый', 'M', 1, '2016-03-12'),
(40, 'Очки', 528, 0, 'Женский', 'Del mare', 'Зелёный', 'XXL', 2, '2016-03-12'),
(41, 'Футболка', 831, 0, 'Мужской', 'Bojji', 'Бордовый', 'XL', 1, '2016-03-12'),
(42, 'Свитшот', 373, 294, 'Мужской', 'Bagutta', 'Бронзовый', '40', 2, '2016-03-12'),
(43, 'Сумка', 522, 0, 'Женский', 'Donatella de Pauli', 'Прозрачный', 'L', 2, '2016-03-12'),
(44, 'Шорты', 933, 856, 'Женский', 'Del mare', 'Фиолетовый', 'M', 1, '2016-03-12'),
(45, 'Купальник', 1317, 0, 'Мужской', 'Camicissima', 'Мультиколор', '43', 2, '2016-03-13'),
(46, 'Плащ', 1040, 0, 'Мужской', 'Paran', 'Серый', '42', 1, '2016-03-13'),
(47, 'Рюкзак', 113, 0, 'Мужской', 'Enrico coveri', 'Жёлтый', '44', 1, '2016-03-13'),
(48, 'Ремень', 140, 102, 'Мужской', 'Gaudi', 'Жёлтый', '36', 1, '2016-03-13'),
(49, 'Пуховик', 1413, 1019, 'Мужской', 'Donatella de Pauli', 'Коричневый', '41', 1, '2016-03-14'),
(50, 'Спортивный костюм', 903, 0, 'Мужской', 'Giorgio Armani', 'Золотой', '45', 2, '2016-03-14'),
(51, 'Ботинки', 302, 298, 'Женский', 'Abital', 'Золотой', '37', 1, '2016-03-14'),
(52, 'Чиносы', 1995, 0, 'Женский', 'Versace', 'Прозрачный', 'XXXL', 1, '2016-03-15'),
(53, 'Ветровка', 1521, 1319, 'Мужской', 'Laura Biagiotti', 'Белый', 'XXL', 1, '2016-03-15'),
(54, 'Джемпер', 1978, 0, 'Женский', 'Paran', 'Прозрачный', 'XS', 1, '2016-03-15'),
(55, 'Ветровка', 178, 0, 'Женский', 'Corneliani', 'Синий', 'L', 1, '2016-03-15'),
(56, 'Кожанка', 819, 0, 'Женский', 'Corneliani', 'Голубой', 'XL', 1, '2016-03-15'),
(57, 'Чехол', 16, 0, 'Мужской', 'Moshino', 'Белый', 'XXL', 1, '2016-03-15'),
(58, 'Плащ', 1438, 1242, 'Женский', 'Bagatelle', 'Серебряный', '43', 2, '2016-03-15'),
(59, 'Сумка', 1011, 901, 'Мужской', 'Acquafredda', 'Серебряный', 'XXL', 1, '2016-03-15'),
(60, 'Туфли', 1472, 0, 'Женский', 'Gucci', 'Бронзовый', '36', 2, '2016-03-16'),
(61, 'Кросовки', 203, 0, 'Мужской', 'Caporiccio', 'Жёлтый', 'L', 1, '2016-03-16'),
(62, 'Ботинки', 1764, 1459, 'Мужской', 'Corneliani', 'Синий', 'XXXL', 2, '2016-03-16'),
(63, 'Рюкзак', 791, 0, 'Женский', 'Bojji', 'Прозрачный', 'XXXL', 1, '2016-03-16'),
(64, 'Рюкзак', 1468, 1020, 'Мужской', 'Donatella de Pauli', 'Чёрный', 'XS', 2, '2016-03-17'),
(65, 'Чиносы', 17, 13, 'Мужской', 'Francesca by Sottini', 'Берюзовый', '45', 2, '2016-03-16'),
(66, 'Бутсы', 1581, 0, 'Женский', 'Enrico coveri', 'Голубой', '45', 2, '2016-03-17'),
(67, 'Толстовка', 1848, 1347, 'Мужской', 'Kossa', 'Бордовый', '42', 1, '2016-03-17'),
(68, 'Платье', 1807, 1614, 'Мужской', 'Enrico coveri', 'Бронзовый', '36', 1, '2016-03-17'),
(69, 'Пиджак', 568, 0, 'Мужской', 'Francesca by Sottini', 'Серый', '37', 1, '2016-03-17'),
(70, 'Бутсы', 330, 0, 'Мужской', 'Giorgio Armani', 'Бордовый', '40', 1, '2016-03-18'),
(71, 'Жилет', 496, 0, 'Мужской', 'Francesca by Sottini', 'Красный', '38', 2, '2016-03-19'),
(72, 'Куртка', 1104, 1065, 'Женский', 'Paran', 'Мультиколор', '38', 1, '2016-03-19'),
(73, 'Джемпер', 945, 747, 'Мужской', 'Camicissima', 'Жёлтый', 'XL', 2, '2016-03-19'),
(74, 'Свитшот', 1220, 0, 'Женский', 'Bagatelle', 'Берюзовый', '36', 1, '2016-03-19'),
(75, 'Платок', 620, 469, 'Женский', 'Patrizia Pepe', 'Бежевый', 'S', 1, '2016-03-19'),
(76, 'Кардиган', 648, 0, 'Мужской', 'Brioni', 'Голубой', '36', 1, '2016-03-20'),
(77, 'Спортивный костюм', 1416, 0, 'Женский', 'Paran', 'Бордовый', 'XXXL', 1, '2016-03-21'),
(78, 'Брюки', 1775, 1529, 'Женский', 'Versace', 'Золотой', 'XXL', 1, '2016-03-21'),
(79, 'Брюки спортивные', 1111, 0, 'Женский', 'Miu Miu', 'Мультиколор', 'XL', 1, '2016-03-21'),
(80, 'Майка', 1612, 0, 'Мужской', 'Kossa', 'Синий', '36', 2, '2016-03-21'),
(81, 'Платок', 503, 0, 'Женский', 'Jonh Barritt', 'Золотой', 'XXS', 2, '2016-03-21'),
(82, 'Баллетки', 901, 0, 'Женский', 'Corneliani', 'Мультиколор', '35', 2, '2016-03-22'),
(83, 'Брюки спортивные', 1240, 0, 'Мужской', 'Massimo Rebbecchi', 'Бордовый', '42', 1, '2016-03-22'),
(84, 'Пуловер', 1338, 0, 'Женский', 'Bagutta', 'Хаки', 'XXXL', 2, '2016-03-22'),
(85, 'Брюки спортивные', 1979, 0, 'Женский', 'Gucci', 'Мультиколор', '42', 1, '2016-03-22'),
(86, 'Плащ', 1700, 1171, 'Женский', 'Bagatelle', 'Серебряный', 'L', 1, '2016-03-22'),
(87, 'Лоферы', 1038, 0, 'Мужской', 'Gucci', 'Бежевый', 'S', 1, '2016-03-23'),
(88, 'Блузка', 258, 173, 'Мужской', 'Jonh Barritt', 'Хаки', 'M', 2, '2016-03-24'),
(89, 'Бутсы', 1912, 0, 'Мужской', 'Prada', 'Коричневый', '43', 1, '2016-03-25'),
(90, 'Кошелёк', 1042, 0, 'Женский', 'Camicissima', 'Бежевый', '35', 2, '2016-03-26'),
(91, 'Платок', 266, 256, 'Мужской', 'Diesel', 'Жёлтый', 'XXL', 2, '2016-03-26'),
(92, 'Ветровка', 1288, 0, 'Женский', 'Abital', 'Мультиколор', 'XS', 1, '2016-03-26'),
(93, 'Толстовка', 1508, 1480, 'Мужской', 'Kossa', 'Красный', '45', 1, '2016-03-26'),
(94, 'Боссоножки', 1239, 0, 'Женский', 'Enrico coveri', 'Фиолетовый', '43', 2, '2016-03-26'),
(95, 'Брюки спортивные', 204, 0, 'Женский', 'Bojji', 'Бордовый', 'L', 1, '2016-03-26'),
(96, 'Ботинки', 1588, 0, 'Женский', 'Enrico coveri', 'Жёлтый', '39', 1, '2016-03-26'),
(97, 'Купальник', 109, 0, 'Мужской', 'Del mare', 'Жёлтый', 'L', 2, '2016-03-26'),
(98, 'Кеды', 1435, 0, 'Мужской', 'Brioni', 'Прозрачный', '45', 2, '2016-03-26'),
(99, 'Топ', 1101, 0, 'Женский', 'Camicissima', 'Золотой', 'M', 2, '2016-03-26'),
(100, 'Брюки спортивные', 1106, 896, 'Мужской', 'Caporiccio', 'Розовый', '43', 1, '2016-03-26'),
(101, 'Джинсы', 1461, 0, 'Женский', 'Enrico coveri', 'Молочный', '37', 2, '2016-03-27'),
(102, 'Брюки спортивные', 1866, 1788, 'Мужской', 'Abital', 'Серебряный', 'XXXL', 1, '2016-03-27'),
(103, 'Слипоны', 1728, 0, 'Женский', 'Fendi', 'Зелёный', '45', 2, '2016-03-28'),
(104, 'Туфли', 908, 0, 'Мужской', 'Abital', 'Зелёный', '41', 2, '2016-03-28'),
(105, 'Джинсы', 1553, 0, 'Женский', 'Enrico coveri', 'Розовый', '43', 1, '2016-03-28'),
(106, 'Слипоны', 815, 0, 'Женский', 'Versace', 'Фиолетовый', '44', 1, '2016-03-29'),
(107, 'Шорты', 1039, 1023, 'Женский', 'Camicissima', 'Красный', 'XXL', 2, '2016-03-29'),
(108, 'Свитшот', 427, 0, 'Женский', 'Bagutta', 'Серебряный', '42', 1, '2016-03-29'),
(109, 'Олимпийка', 1816, 0, 'Мужской', 'Del mare', 'Бежевый', 'S', 1, '2016-03-29'),
(110, 'Туфли', 165, 144, 'Мужской', 'Donatella de Pauli', 'Жёлтый', 'XS', 1, '2016-03-29'),
(111, 'Куртка', 138, 0, 'Женский', 'Prada', 'Красный', '43', 2, '2016-03-29'),
(112, 'Кеды', 1730, 0, 'Мужской', 'Camicissima', 'Чёрный', '39', 1, '2016-03-29'),
(113, 'Спортивный костюм', 1669, 1152, 'Мужской', 'Giorgio Armani', 'Голубой', '36', 1, '2016-03-30'),
(114, 'Чехол', 1098, 0, 'Женский', 'Miu Miu', 'Прозрачный', '40', 1, '2016-03-31'),
(115, 'Толстовка', 1355, 0, 'Мужской', 'Patrizia Pepe', 'Бронзовый', '36', 1, '2016-03-31'),
(116, 'Куртка', 29, 0, 'Мужской', 'Francesca by Sottini', 'Жёлтый', '45', 1, '2016-03-31'),
(117, 'Брюки', 717, 479, 'Женский', 'Massimo Rebbecchi', 'Хаки', '45', 1, '2016-03-31'),
(118, 'Купальник', 1834, 0, 'Мужской', 'Bagutta', 'Прозрачный', 'L', 1, '2016-04-01'),
(119, 'Брюки спортивные', 1120, 0, 'Женский', 'Bagatelle', 'Оранжевый', '43', 1, '2016-04-01'),
(120, 'Джемпер', 1225, 0, 'Женский', 'Group of Benetton', 'Прозрачный', 'XS', 1, '2016-04-01'),
(121, 'Кошелёк', 1686, 1522, 'Женский', 'Group of Benetton', 'Молочный', 'L', 1, '2016-04-01'),
(122, 'Олимпийка', 1342, 908, 'Женский', 'Patrizia Pepe', 'Бежевый', '40', 1, '2016-04-02'),
(123, 'Жилет', 1044, 0, 'Женский', 'Group of Benetton', 'Красный', '45', 2, '2016-04-02'),
(124, 'Кошелёк', 878, 616, 'Женский', 'Bagutta', 'Чёрный', '42', 2, '2016-04-02'),
(125, 'Чиносы', 1435, 1103, 'Мужской', 'Del mare', 'Бордовый', '43', 1, '2016-04-03'),
(126, 'Плащ', 1664, 0, 'Женский', 'Kossa', 'Зелёный', '43', 1, '2016-04-03'),
(127, 'Жилет', 1485, 0, 'Мужской', 'Acquafredda', 'Жёлтый', '37', 2, '2016-04-03'),
(128, 'Брюки спортивные', 1083, 863, 'Женский', 'Bojji', 'Бордовый', 'M', 1, '2016-04-03'),
(129, 'Макасины', 331, 0, 'Мужской', 'Brioni', 'Розовый', 'L', 2, '2016-04-03'),
(130, 'Жилет', 1041, 0, 'Мужской', 'Massimo Rebbecchi', 'Серый', '36', 1, '2016-04-03'),
(131, 'Кожанка', 834, 0, 'Мужской', 'Diesel', 'Коричневый', '36', 1, '2016-04-03'),
(132, 'Плащ', 1211, 0, 'Мужской', 'Gaudi', 'Синий', '45', 1, '2016-04-03'),
(133, 'Пуловер', 480, 0, 'Женский', 'Enrico coveri', 'Бронзовый', '39', 2, '2016-04-03'),
(134, 'Боссоножки', 1148, 0, 'Женский', 'Corneliani', 'Серый', 'M', 1, '2016-04-03'),
(135, 'Чиносы', 602, 0, 'Мужской', 'Moshino', 'Розовый', 'L', 1, '2016-04-03'),
(136, 'Ботинки', 1778, 0, 'Женский', 'Gucci', 'Бордовый', '43', 1, '2016-04-03'),
(137, 'Майка', 1855, 0, 'Мужской', 'Acquafredda', 'Оранжевый', '42', 1, '2016-04-04'),
(138, 'Брюки спортивные', 678, 0, 'Женский', 'Del mare', 'Прозрачный', 'XS', 1, '2016-04-04'),
(139, 'Блузка', 864, 0, 'Мужской', 'Group of Benetton', 'Прозрачный', '36', 1, '2016-04-05'),
(140, 'Сумка', 1019, 0, 'Мужской', 'Gucci', 'Белый', 'XXXL', 1, '2016-04-05'),
(141, 'Туфли', 477, 318, 'Женский', 'Diesel', 'Прозрачный', 'XXL', 1, '2016-04-05'),
(142, 'Кардиган', 173, 119, 'Женский', 'Gucci', 'Берюзовый', '41', 1, '2016-04-05'),
(143, 'Пуховик', 643, 0, 'Женский', 'Corneliani', 'Серый', '43', 1, '2016-04-05'),
(144, 'Кеды', 467, 0, 'Женский', 'Bagutta', 'Голубой', '41', 1, '2016-04-05'),
(145, 'Свитшот', 995, 0, 'Мужской', 'Brioni', 'Берюзовый', '36', 1, '2016-04-05'),
(146, 'Плащ', 369, 316, 'Мужской', 'Fendi', 'Фиолетовый', '37', 1, '2016-04-05'),
(147, 'Майка', 582, 432, 'Женский', 'Patrizia Pepe', 'Зелёный', 'XXL', 2, '2016-04-05'),
(148, 'Рубашка', 179, 0, 'Женский', 'Paran', 'Розовый', 'XL', 1, '2016-04-05'),
(149, 'Ветровка', 1938, 1572, 'Женский', 'Enrico coveri', 'Фиолетовый', 'XL', 1, '2016-04-05'),
(150, 'Кеды', 1271, 0, 'Мужской', 'Laura Biagiotti', 'Зелёный', '39', 2, '2016-04-05'),
(151, 'Ремень', 1938, 0, 'Мужской', 'Abital', 'Прозрачный', 'XL', 2, '2016-04-05'),
(152, 'Слипоны', 871, 0, 'Женский', 'Moshino', 'Берюзовый', '39', 1, '2016-04-05'),
(153, 'Чехол', 758, 0, 'Мужской', 'Brioni', 'Чёрный', '41', 1, '2016-04-05'),
(154, 'Макасины', 1257, 862, 'Мужской', 'Kossa', 'Зелёный', '39', 2, '2016-04-05'),
(155, 'Ветровка', 1088, 0, 'Мужской', 'Bojji', 'Мультиколор', 'L', 1, '2016-04-06'),
(156, 'Чехол', 1064, 0, 'Женский', 'Brioni', 'Серебряный', 'M', 2, '2016-04-06'),
(157, 'Топ', 624, 427, 'Мужской', 'Camicissima', 'Розовый', 'XXS', 1, '2016-04-06'),
(158, 'Пуловер', 1226, 907, 'Женский', 'Patrizia Pepe', 'Серебряный', '38', 2, '2016-04-06'),
(159, 'Пуловер', 1219, 0, 'Мужской', 'Bojji', 'Розовый', '38', 1, '2016-04-06'),
(160, 'Купальник', 74, 0, 'Мужской', 'Gucci', 'Чёрный', 'XS', 2, '2016-04-07'),
(161, 'Очки', 1986, 0, 'Мужской', 'Camicissima', 'Хаки', 'XL', 1, '2016-04-08'),
(162, 'Жилет', 1762, 1546, 'Мужской', 'Acquafredda', 'Жёлтый', '36', 1, '2016-04-08'),
(163, 'Юбка', 883, 0, 'Мужской', 'Bagutta', 'Розовый', '42', 1, '2016-04-08'),
(164, 'Кожанка', 1294, 0, 'Женский', 'Del mare', 'Хаки', 'XXS', 1, '2016-04-08'),
(165, 'Рюкзак', 590, 406, 'Мужской', 'Bagatelle', 'Оранжевый', '40', 1, '2016-04-08'),
(166, 'Купальник', 488, 0, 'Мужской', 'Gaudi', 'Бордовый', '43', 2, '2016-04-08'),
(167, 'Футболка', 629, 0, 'Женский', 'Camicissima', 'Прозрачный', '41', 1, '2016-04-08'),
(168, 'Пиджак', 1639, 0, 'Женский', 'Fendi', 'Жёлтый', '42', 1, '2016-04-09'),
(169, 'Пуловер', 915, 0, 'Женский', 'Bojji', 'Оранжевый', '42', 1, '2016-04-10'),
(170, 'Рюкзак', 874, 0, 'Женский', 'Abital', 'Фиолетовый', '40', 1, '2016-04-09'),
(171, 'Рюкзак', 1896, 0, 'Женский', 'Gaudi', 'Розовый', 'XS', 2, '2016-04-10'),
(172, 'Олимпийка', 310, 0, 'Женский', 'Brioni', 'Бронзовый', 'L', 1, '2016-04-10'),
(173, 'Кеды', 1037, 759, 'Женский', 'Corneliani', 'Серый', '40', 2, '2016-04-10'),
(174, 'Поло', 1761, 0, 'Женский', 'Prada', 'Коричневый', 'XXXL', 1, '2016-04-10'),
(175, 'Баллетки', 140, 116, 'Женский', 'Bagutta', 'Молочный', '40', 1, '2016-04-11'),
(176, 'Очки', 1646, 0, 'Женский', 'Patrizia Pepe', 'Красный', '35', 2, '2016-04-11'),
(177, 'Джемпер', 1687, 1186, 'Мужской', 'Del mare', 'Золотой', 'S', 1, '2016-04-11'),
(178, 'Туфли', 1720, 1205, 'Мужской', 'Del Siena', 'Розовый', '45', 1, '2016-04-11'),
(179, 'Брюки спортивные', 313, 0, 'Женский', 'Miu Miu', 'Фиолетовый', '36', 1, '2016-04-11'),
(180, 'Жилет', 1808, 0, 'Мужской', 'Moshino', 'Чёрный', 'S', 1, '2016-04-12'),
(181, 'Плащ', 434, 0, 'Женский', 'Francesca by Sottini', 'Прозрачный', 'S', 1, '2016-04-13'),
(182, 'Рюкзак', 1053, 0, 'Женский', 'Laura Biagiotti', 'Бордовый', 'M', 1, '2016-04-13'),
(183, 'Жилет', 1189, 0, 'Женский', 'Moshino', 'Чёрный', '39', 1, '2016-04-13'),
(184, 'Кросовки', 1004, 0, 'Женский', 'Gaudi', 'Золотой', 'XS', 1, '2016-04-13'),
(185, 'Блузка', 867, 792, 'Женский', 'Del Siena', 'Мультиколор', '35', 1, '2016-04-13'),
(186, 'Пуловер', 131, 0, 'Мужской', 'Corneliani', 'Мультиколор', '43', 1, '2016-04-13'),
(187, 'Чехол', 916, 648, 'Мужской', 'Miu Miu', 'Коричневый', '38', 2, '2016-04-13'),
(188, 'Олимпийка', 1195, 0, 'Женский', 'Paran', 'Бордовый', '45', 2, '2016-04-13'),
(189, 'Джинсы', 1653, 0, 'Мужской', 'Enrico coveri', 'Серый', 'XS', 2, '2016-04-13'),
(190, 'Юбка', 1678, 0, 'Женский', 'Diesel', 'Зелёный', '39', 1, '2016-04-14'),
(191, 'Футболка', 98, 0, 'Женский', 'Francesca by Sottini', 'Бронзовый', '39', 1, '2016-04-14'),
(192, 'Пуловер', 1973, 0, 'Женский', 'Bagutta', 'Фиолетовый', '40', 1, '2016-04-14'),
(193, 'Спортивный костюм', 1652, 1327, 'Женский', 'Corneliani', 'Серый', 'S', 1, '2016-04-14'),
(194, 'Бутсы', 847, 0, 'Мужской', 'Giorgio Armani', 'Бронзовый', '36', 2, '2016-04-14'),
(195, 'Джемпер', 1225, 0, 'Мужской', 'Gaudi', 'Бронзовый', '37', 1, '2016-04-15'),
(196, 'Чиносы', 226, 157, 'Женский', 'Caporiccio', 'Бордовый', 'M', 1, '2016-04-16'),
(197, 'Джинсы', 925, 850, 'Женский', 'Kossa', 'Коричневый', '41', 1, '2016-04-17'),
(198, 'Плащ', 1056, 0, 'Женский', 'Camicissima', 'Зелёный', 'XS', 1, '2016-04-17'),
(199, 'Макасины', 1850, 1499, 'Мужской', 'Enrico coveri', 'Хаки', 'M', 2, '2016-04-17'),
(200, 'Кеды', 1178, 0, 'Женский', 'Abital', 'Розовый', '37', 1, '2016-04-17'),
(201, 'Слипоны', 1220, 1211, 'Мужской', 'Group of Benetton', 'Фиолетовый', '40', 1, '2016-04-18'),
(202, 'Пуловер', 174, 121, 'Мужской', 'Massimo Rebbecchi', 'Оранжевый', 'XS', 2, '2016-04-18'),
(203, 'Поло', 1639, 0, 'Женский', 'Del mare', 'Мультиколор', '40', 2, '2016-04-19'),
(204, 'Зонт', 1238, 1117, 'Мужской', 'Miu Miu', 'Прозрачный', '41', 1, '2016-04-19'),
(205, 'Пиджак', 1078, 837, 'Мужской', 'Bagutta', 'Оранжевый', 'XXL', 1, '2016-04-19'),
(206, 'Ветровка', 1355, 1338, 'Мужской', 'Camicissima', 'Фиолетовый', '35', 1, '2016-04-19'),
(207, 'Боссоножки', 784, 0, 'Женский', 'Bagutta', 'Бежевый', 'XL', 1, '2016-04-19'),
(208, 'Кеды', 1081, 0, 'Мужской', 'Bagatelle', 'Розовый', '40', 1, '2016-04-19'),
(209, 'Блузка', 767, 0, 'Женский', 'Del Siena', 'Красный', '45', 1, '2016-04-19'),
(210, 'Футболка', 1713, 1674, 'Мужской', 'Bojji', 'Красный', '37', 1, '2016-04-19'),
(211, 'Кеды', 754, 713, 'Женский', 'Patrizia Pepe', 'Оранжевый', '38', 1, '2016-04-19'),
(212, 'Зонт', 1679, 0, 'Мужской', 'Miu Miu', 'Берюзовый', '39', 1, '2016-04-19'),
(213, 'Рубашка', 1462, 0, 'Мужской', 'Patrizia Pepe', 'Розовый', 'XXS', 2, '2016-04-19'),
(214, 'Макасины', 243, 0, 'Мужской', 'Gucci', 'Белый', 'L', 1, '2016-04-19'),
(215, 'Баллетки', 371, 0, 'Мужской', 'Miu Miu', 'Фиолетовый', '40', 2, '2016-04-19'),
(216, 'Бутсы', 850, 0, 'Мужской', 'Fendi', 'Берюзовый', '44', 1, '2016-04-19'),
(217, 'Сумка', 1902, 0, 'Мужской', 'Bagutta', 'Серый', '45', 1, '2016-04-19'),
(218, 'Чиносы', 280, 0, 'Женский', 'Group of Benetton', 'Серебряный', '45', 1, '2016-04-19'),
(219, 'Куртка', 1108, 962, 'Женский', 'Bagutta', 'Жёлтый', '35', 1, '2016-04-20'),
(220, 'Юбка', 1352, 979, 'Женский', 'Laura Biagiotti', 'Синий', '37', 2, '2016-04-14'),
(221, 'Толстовка', 885, 634, 'Женский', 'Caporiccio', 'Фиолетовый', 'XS', 1, '2016-04-20'),
(222, 'Бутсы', 676, 0, 'Мужской', 'Bagatelle', 'Мультиколор', '37', 1, '2016-04-20'),
(223, 'Кошелёк', 113, 89, 'Женский', 'Jonh Barritt', 'Бежевый', '44', 1, '2016-04-20'),
(224, 'Слипоны', 1970, 1334, 'Женский', 'Gaudi', 'Голубой', 'XS', 1, '2016-04-20'),
(225, 'Чиносы', 1989, 1746, 'Женский', 'Caporiccio', 'Серебряный', 'XXXL', 1, '2016-04-20'),
(226, 'Зонт', 1489, 0, 'Мужской', 'Acquafredda', 'Прозрачный', '37', 2, '2016-04-20'),
(227, 'Бутсы', 1364, 1180, 'Женский', 'Moshino', 'Жёлтый', 'S', 1, '2016-04-21'),
(228, 'Боссоножки', 1851, 1618, 'Женский', 'Camicissima', 'Синий', 'L', 2, '2016-04-21'),
(229, 'Поло', 324, 284, 'Женский', 'Dolce ', 'Бронзовый', 'XL', 2, '2016-04-21'),
(230, 'Топ', 1416, 1178, 'Женский', 'Giorgio Armani', 'Синий', '42', 2, '2016-04-21'),
(231, 'Туфли', 1888, 0, 'Женский', 'Dolce ', 'Золотой', 'M', 1, '2016-04-21'),
(232, 'Чехол', 980, 0, 'Женский', 'Del mare', 'Фиолетовый', '44', 1, '2016-04-21'),
(233, 'Рюкзак', 237, 0, 'Женский', 'Brioni', 'Бежевый', '43', 2, '2016-04-21'),
(234, 'Купальник', 1833, 1743, 'Женский', 'Giorgio Armani', 'Розовый', '40', 1, '2016-04-21'),
(235, 'Кардиган', 827, 0, 'Мужской', 'Moshino', 'Красный', 'L', 1, '2016-04-21'),
(236, 'Туфли', 824, 0, 'Мужской', 'Moshino', 'Красный', 'XXL', 1, '2016-04-22'),
(237, 'Рубашка', 1825, 0, 'Мужской', 'Bagatelle', 'Белый', 'M', 2, '2016-04-22'),
(238, 'Жилет', 809, 671, 'Женский', 'Bagutta', 'Молочный', '45', 1, '2016-04-22'),
(239, 'Кардиган', 563, 0, 'Мужской', 'Caporiccio', 'Мультиколор', '38', 2, '2016-04-22'),
(240, 'Купальник', 787, 0, 'Женский', 'Gucci', 'Бронзовый', 'XS', 1, '2016-04-23'),
(241, 'Очки', 374, 0, 'Женский', 'Kossa', 'Берюзовый', '39', 1, '2016-04-24'),
(242, 'Зонт', 1876, 0, 'Мужской', 'Gucci', 'Красный', '40', 1, '2016-04-24'),
(243, 'Кеды', 579, 0, 'Мужской', 'Fendi', 'Чёрный', '35', 1, '2016-04-24'),
(244, 'Кардиган', 559, 400, 'Мужской', 'Camicissima', 'Мультиколор', '35', 1, '2016-04-24'),
(245, 'Кожанка', 1420, 0, 'Мужской', 'Bagutta', 'Чёрный', '35', 1, '2016-04-25'),
(246, 'Джинсы', 1474, 0, 'Мужской', 'Paran', 'Белый', '39', 1, '2016-04-25'),
(247, 'Спортивный костюм', 124, 0, 'Мужской', 'Del Siena', 'Жёлтый', '37', 1, '2016-04-26'),
(248, 'Боссоножки', 651, 0, 'Мужской', 'Caporiccio', 'Коричневый', 'XS', 1, '2016-04-26'),
(249, 'Брюки', 1454, 0, 'Женский', 'Gaudi', 'Мультиколор', 'L', 1, '2016-04-20'),
(250, 'Лоферы', 1510, 0, 'Женский', 'Del mare', 'Берюзовый', 'XS', 2, '2016-04-27'),
(251, 'Олимпийка', 1235, 0, 'Женский', 'Moshino', 'Мультиколор', 'XXS', 2, '2016-04-27'),
(252, 'Майка', 1288, 0, 'Женский', 'Gucci', 'Голубой', '45', 1, '2016-04-27'),
(253, 'Джинсы', 942, 0, 'Женский', 'Del mare', 'Прозрачный', '36', 1, '2016-04-27'),
(254, 'Спортивный костюм', 1651, 0, 'Мужской', 'Abital', 'Чёрный', 'XXXL', 1, '2016-04-28'),
(255, 'Туфли', 1633, 1399, 'Мужской', 'Bagutta', 'Зелёный', '35', 1, '2016-04-28'),
(256, 'Ветровка', 1658, 1159, 'Женский', 'Bagutta', 'Розовый', '41', 2, '2016-04-29'),
(257, 'Кеды', 1573, 0, 'Мужской', 'Acquafredda', 'Мультиколор', '40', 1, '2016-04-29'),
(258, 'Поло', 664, 592, 'Женский', 'Abital', 'Берюзовый', '44', 2, '2016-04-29'),
(259, 'Слипоны', 1951, 1556, 'Мужской', 'Laura Biagiotti', 'Красный', '43', 2, '2016-04-29'),
(260, 'Туфли', 322, 0, 'Мужской', 'Del mare', 'Мультиколор', '35', 2, '2016-04-29'),
(261, 'Туфли', 38, 0, 'Мужской', 'Diesel', 'Жёлтый', 'XS', 2, '2016-04-29'),
(262, 'Кожанка', 879, 0, 'Женский', 'Camicissima', 'Молочный', 'XXXL', 2, '2016-04-29'),
(263, 'Топ', 610, 0, 'Женский', 'Moshino', 'Зелёный', '43', 1, '2016-04-29'),
(264, 'Ботинки', 1325, 1046, 'Женский', 'Bagatelle', 'Золотой', '43', 2, '2016-04-29'),
(265, 'Рюкзак', 1395, 0, 'Мужской', 'Del mare', 'Бежевый', '44', 1, '2016-04-30'),
(266, 'Купальник', 1735, 1165, 'Мужской', 'Diesel', 'Коричневый', '40', 1, '2016-04-30'),
(267, 'Кошелёк', 360, 0, 'Мужской', 'Abital', 'Мультиколор', '42', 2, '2016-04-30'),
(268, 'Макасины', 1878, 0, 'Женский', 'Dolce ', 'Бежевый', 'XXS', 2, '2016-04-30'),
(269, 'Джинсы', 956, 0, 'Женский', 'Moshino', 'Розовый', 'XXL', 1, '2016-04-30'),
(270, 'Шорты', 1637, 0, 'Мужской', 'Bagutta', 'Фиолетовый', '37', 1, '2016-04-30'),
(271, 'Платок', 1687, 1459, 'Мужской', 'Jonh Barritt', 'Берюзовый', '43', 1, '2016-04-30'),
(272, 'Платок', 16, 0, 'Женский', 'Julia Garnett', 'Бордовый', '45', 1, '2016-04-30'),
(273, 'Бутсы', 577, 0, 'Женский', 'Prada', 'Молочный', '38', 1, '2016-04-24'),
(274, 'Поло', 342, 315, 'men', 'Prada', 'Чёрный', 'M', 3, '2016-05-30'),
(275, 'Поло', 342, 315, 'men', 'Prada', 'Чёрный', 'L', 1, '2016-05-30'),
(276, 'Футболка', 363, 325, 'men', 'Calvin Klein Collection', 'Белый, Чёрный', 'S', 1, '2016-05-30'),
(277, 'Поло', 350, 0, 'men', 'Brioni', 'Мультиколор, Синий, Чёрный', 'L', 2, '2016-05-30'),
(278, 'Футболка', 217, 150, 'men', 'Hood By Air', 'Красный, Мультиколор', 'M', 2, '2016-05-30'),
(279, 'Футболка', 363, 325, 'men', 'Calvin Klein Collection', 'Белый, Чёрный', 'XS', 1, '2016-05-30');

-- --------------------------------------------------------

--
-- Структура таблицы `size`
--

CREATE TABLE IF NOT EXISTS `size` (
  `id` int(10) unsigned NOT NULL AUTO_INCREMENT,
  `size` varchar(255) NOT NULL,
  PRIMARY KEY (`id`)
) ENGINE=InnoDB  DEFAULT CHARSET=utf8 AUTO_INCREMENT=32 ;

--
-- Дамп данных таблицы `size`
--

INSERT INTO `size` (`id`, `size`) VALUES
(1, 'XXS'),
(2, 'XS'),
(3, 'S'),
(4, 'M'),
(5, 'L'),
(6, 'XL'),
(7, 'XXL'),
(8, 'XXXL'),
(9, '35'),
(10, '36'),
(11, '37'),
(12, '38'),
(13, '39'),
(14, '40'),
(15, '41'),
(16, '42'),
(17, '43'),
(18, '44'),
(19, '45'),
(20, '46'),
(21, '47'),
(22, '48'),
(23, '59'),
(24, '49'),
(25, '50'),
(26, '51'),
(27, '52'),
(28, '53'),
(29, '54'),
(30, '55'),
(31, '56');

-- --------------------------------------------------------

--
-- Структура таблицы `users`
--

CREATE TABLE IF NOT EXISTS `users` (
  `id` int(10) unsigned NOT NULL AUTO_INCREMENT,
  `email` varchar(255) NOT NULL,
  `password` varchar(255) NOT NULL,
  `telephone` varchar(255) NOT NULL,
  `name` varchar(255) NOT NULL,
  `surname` varchar(255) NOT NULL,
  `middlename` varchar(255) NOT NULL,
  `birthday` varchar(255) NOT NULL,
  `sex` varchar(255) NOT NULL,
  `liked` varchar(255) NOT NULL,
  `basket` varchar(2000) NOT NULL,
  `orders` text NOT NULL,
  PRIMARY KEY (`id`)
) ENGINE=InnoDB  DEFAULT CHARSET=utf8 AUTO_INCREMENT=2 ;

--
-- Дамп данных таблицы `users`
--

INSERT INTO `users` (`id`, `email`, `password`, `telephone`, `name`, `surname`, `middlename`, `birthday`, `sex`, `liked`, `basket`, `orders`) VALUES
(1, 'trolivezde@gmail.com', 'QWErty12345', '380935045311', 'Максим', 'Максимов', 'Вячеславович', '12::Марта::1994', 'Мужской', '9,3,7,5,8,2', '[{"id_product":"2","size":"XS","count":3},{"id_product":"4","size":"S","count":1}]', '[{"id_product":"1","size":"M","count":1},{"id_product":"1","size":"L","count":2},{"id_product":"9","size":"M","count":3},{"id_product":"9","size":"L","count":1},{"id_product":"4","size":"S","count":1},{"id_product":"8","size":"L","count":2},{"id_product":"2","size":"M","count":2},{"id_product":"4","size":"XS","count":1}]');

/*!40101 SET CHARACTER_SET_CLIENT=@OLD_CHARACTER_SET_CLIENT */;
/*!40101 SET CHARACTER_SET_RESULTS=@OLD_CHARACTER_SET_RESULTS */;
/*!40101 SET COLLATION_CONNECTION=@OLD_COLLATION_CONNECTION */;
